{"cameraMode":{"drawMode":0,"name":"Shaded","section":"Shading Mode"},"sceneLighting":false,"audioPlay":false,"sceneViewState":{"m_AlwaysRefresh":false,"showFog":true,"showSkybox":false,"showFlares":true,"showImageEffects":true,"showParticleSystems":true,"showVisualEffectGraphs":true,"m_FxEnabled":true},"in2DMode":false,"pivot":{"x":16.409584045410158,"y":7.3790411949157719,"z":43.02937698364258},"rotation":{"x":-0.007273494265973568,"y":0.9885100722312927,"z":-0.05076655000448227,"w":-0.14177511632442475},"size":2.3119144439697267,"orthographic":false}